Id,Full Name,Email,Accepted Reviews,In Progress Reviews,Failed Reviews,Unfinished Reviews,Not Checked-In Reviews,Total Reviews,Completed Feedbacks,In Progress Feedbacks,Expired Feedbacks,Total Feedbacks
94,Olha Lavryshyn,acdc1111@rambler.ru,3,0,1,0,0,4,5,0,1,6
168,Klaid-Kristen Nöps,klaid.nops@gmail.com,4,0,0,0,0,4,1,1,2,4
242,Alina Polishchuk,alinochkarul081@gmail.com,3,1,0,0,0,4,2,0,3,5
1884,Aleksei Kudrjavtsev,aleks.kudrjavtsev@gmail.com,4,0,0,0,0,4,7,0,1,8
1881,Viktor Diukariev,2v.duke@gmail.com,4,0,0,0,0,4,0,0,4,4
1900,Sixten Tedremets,tedremets.sixten@gmail.com,3,0,0,0,1,4,7,0,1,8
1893,Martin Künnapää,martin.kunnapaa@gmail.com,4,0,0,0,0,4,4,0,0,4
1973,Jan Markes Roots,janmarkesroots@gmail.com,4,0,0,0,0,4,0,0,4,4
2077,Daan Moistus,daanmoistus@gmail.com,3,0,1,0,1,5,0,0,4,4
110,Raiko Apri,raikoapri@hotmail.com,4,0,0,0,0,4,4,0,1,5
103,Karmo Kupits,karmo.kupits@gmail.com,4,0,0,0,0,4,8,0,0,8
2096,Maksim ?egurov,good.maks04@gmail.com,4,0,0,0,0,4,4,0,0,4
222,Sören Pruul,pruulsoren@gmail.com,3,0,0,0,0,3,5,1,1,7
114,Henn Kumar,henn.kumar@gmail.com,3,0,1,0,0,4,0,0,3,3
2187,Andre Allese,andreallese@gmail.com,4,0,0,1,0,5,3,0,1,4
115,Frank Erik Benno,frankerik32@gmail.com,3,1,0,0,0,4,2,0,2,4
118,Dan Buckleitner,danbuckleitner@gmail.com,4,0,0,0,0,4,5,0,4,9
2267,Siim Sander Kärner,siim.sander.karner@gmail.com,4,0,0,0,0,4,6,0,1,7
2336,Jana Kindlam,janakindlam@gmail.com,4,0,0,0,0,4,6,0,0,6
2360,Anton Klink,anton.klink@gmail.com,2,0,0,2,1,5,0,0,2,2
122,Enam Hossain,enamhossainopu@gmail.com,3,1,0,0,0,4,1,0,2,3
126,Toomas Halberg,toomashalberg@gmail.com,0,0,0,4,1,5,0,0,0,0
129,Robin Nõmmela,robinnommela@gmail.com,3,0,0,0,0,3,0,0,3,3
183,Amberleigh Wankel,vaauctiongirl@yahoo.com,3,1,0,0,0,4,2,0,4,6
182,Joosep Oskar Ehaver,j.oskar92@gmail.com,4,0,0,0,0,4,8,0,0,8
145,Kairo Kõrgend,kairokorgend@gmail.com,3,0,0,0,0,3,7,0,0,7
134,Jörgen Post,jrgnpst@gmail.com,4,0,0,0,0,4,9,0,0,9
96,Antonina Krjukova,antonia.krjukova@gmail.com,3,0,0,0,1,4,3,0,0,3
131,Marko Karilaid,mkarilaid@gmail.com,4,0,0,0,0,4,9,0,0,9
135,Karl-Hendrik Kahn,karlhendrikkahn@gmail.com,4,0,0,0,0,4,8,0,0,8
218,Maria Bubina,maria.bubina@gmail.com,3,0,0,1,0,4,3,0,1,4
163,Seyedehzahra Hosseini,z.hosseini.s13@gmail.com,3,1,0,0,0,4,6,0,0,6
98,Edmunds Brencis,brencisedmunds@gmail.com,3,0,0,1,0,4,3,0,0,3
171,Rene-Antero Högren,renehgren@gmail.com,4,0,0,0,0,4,6,0,2,8
220,Skye Hakomaa,skyehakomaa@gmail.com,3,0,3,0,0,6,5,0,3,8
143,Gerri Pajula,gerripajula12@gmail.com,3,0,0,0,0,3,3,0,1,4
207,Kristen Kuldmaa,goldlandk@gmail.com,4,0,0,0,0,4,7,0,1,8
221,Allan Jakobi,allan.jakobi@gmail.com,3,1,0,0,0,4,8,0,0,8
184,Kristjan Kelk,kristjankelk@gmail.com,3,0,3,0,0,6,8,0,0,8
214,Pent Kaarel Valge,pent.valge@gmail.com,3,0,0,0,0,3,1,0,2,3
140,Taavi Aaliste,taaliste@icloud.com,3,0,0,0,0,3,5,0,0,5
123,Surraiya Islam Tonni,surraiyaislamtonni@gmail.com,4,0,0,0,0,4,3,0,2,5
210,Toms Elvijs ?usts,tomselvijs@gmail.com,2,0,0,1,1,4,0,0,2,2
175,Karel- Heinrich Trumm,karle011@gmail.com,3,0,0,1,0,4,1,1,1,3
149,Nadzeya Harbuzava,nadzeyakuchko@gmail.com,4,0,0,0,0,4,9,0,1,10
241,Ane Võlma,anevolma@gmail.com,3,0,0,0,1,4,1,0,2,3
254,Richard Markus Kivimägi,richard.kivimagi@gmail.com,4,0,0,0,0,4,4,0,1,5
264,Vyacheslav Lebedev,vl@vilkorst.ee,3,0,0,1,0,4,1,0,4,5
265,Alexander Valushev,aleksandervalushev@gmail.com,4,0,0,0,0,4,4,0,0,4
268,Tanel Sokolov,sokolovtanel@gmail.com,4,0,0,0,0,4,0,0,7,7
1916,Annaliisa Mäletjärv,annaliisam5@gmail.com,3,0,0,0,1,4,5,1,1,7
1931,Iiris Tuvi,iiris.tuvi@ut.ee,4,0,1,0,0,5,5,0,0,5
2067,Ksenia Lepasep,lep.ksenia@gmail.com,4,0,0,0,0,4,7,0,0,7
2070,Olavi Kuum,olavikuum@gmail.com,4,0,1,0,0,5,8,0,0,8
1924,Ragnar Vimb,ragnarvimb@gmail.com,4,0,1,0,0,5,5,0,0,5
238,Vladimir Zaguljajev,zaguljajev.vladimir@gmail.com,4,0,1,0,0,5,0,0,5,5
260,Oleksandr Kyrpa,alexandr.kirpa.777@gmail.com,4,0,0,0,0,4,6,0,1,7
1946,Ats Pedassaar,atspedassaar@gmail.com,4,0,0,0,0,4,6,0,1,7
2011,Mathias-Robyn Rooba,mathiasrooba@gmail.com,4,0,0,0,0,4,9,0,0,9
169,Karl Erik Toom,toom.karl42@gmail.com,3,0,0,0,0,3,6,0,2,8
1964,Mikk Krister Salla,krister.salla@gmail.com,4,0,0,0,0,4,4,0,1,5
1956,Juhan Toom,j.toom@hotmail.com,4,0,0,0,0,4,5,0,1,6
255,Mark Roosi,roosi.mark@gmail.com,3,0,0,0,0,3,3,0,1,4
253,Hannes Soosaar,hsoosaar@gmail.com,3,0,0,0,0,3,5,0,1,6
246,Ago Lepiksaar,alepiksaar@gmail.com,4,0,0,0,0,4,8,0,0,8
243,Dmitri Kurganov,dmitri.kurganov96@gmail.com,3,1,0,0,0,4,5,0,0,5
252,Markus Jõgi,markusjogi1@gmail.com,3,0,0,0,1,4,0,0,3,3
234,Vladislav Aleksandrov,vladislavaleksandrov96@gmail.com,3,0,0,0,1,4,0,0,3,3
200,Yehor Yantsev,yehor.yantsev@gmail.com,3,0,0,0,0,3,3,0,0,3
240,Rasmus Lääne,rasmus.laane@hotmail.com,4,0,0,0,0,4,6,0,1,7
1874,Artjom Kulikovski,artyom.kulikovski@gmail.com,4,0,0,1,0,5,6,0,0,6
2808,Robert Pirs,robertpirs9@gmail.com,3,1,0,0,0,4,3,0,0,3
2815,Hannes Mets,antspoiss8@gmail.com,4,0,0,0,0,4,3,0,2,5
167,Mattias Vihvelin,mattiasvihve@gmail.com,3,0,0,0,1,4,0,0,5,5
2062,Lauri Velner,velnerlauri@gmail.com,4,0,0,0,0,4,7,0,0,7
1944,Maks Rästas,maksrjastas@gmail.com,4,0,0,0,0,4,5,0,0,5
1875,Katriin Sartakov,katriinsarta@gmail.com,4,0,0,0,0,4,7,0,0,7
1879,Kristian Vlassenko,kristian.vlassenko@gmail.com,4,0,0,0,0,4,8,0,0,8
1927,Herman Keerutaja,hermankeerutaja@gmail.com,4,0,1,0,0,5,6,0,1,7
1876,Lara Johanna Luks,lara.lukss@gmail.com,4,0,0,0,0,4,5,0,2,7
2919,Artur Busch,arturbusch2001@gmail.com,4,0,0,0,0,4,4,0,3,7
3061,Erik Tojak,erik.tojak@hotmail.com,1,0,0,3,1,5,0,0,1,1
3074,Erki Pardane,erki.pardane@gmail.com,3,0,0,0,0,3,0,0,3,3
1915,Mikk Joonatan Moor,mikk.moor@gmail.com,4,0,0,0,1,5,4,0,1,5
3209,Meryt Mätlik,meryt.matlik@gmail.com,2,0,0,1,1,4,1,0,1,2
1903,Karenn Kaareste,kaarestekarenn@hotmail.com,3,1,0,0,1,5,1,0,2,3
1877,Lili Talimaa,lilitalimaa@gmail.com,4,0,0,0,0,4,7,0,0,7
2271,Kristo Piir,kristo.piir@gmail.com,3,0,0,0,1,4,2,0,1,3
227,Martin Villandberg,martinvillandberg@gmail.com,3,0,0,0,0,3,8,0,0,8
2099,Aleks Traumann,aleks.traumann.004@gmail.com,4,0,0,0,0,4,6,0,1,7
142,Nikita Strekalov,nikitastrekalov2003@gmail.com,3,1,0,0,0,4,6,0,0,6
1880,Reigo Reimets,reigo.reimets@gmail.com,4,0,0,0,0,4,7,0,0,7
105,Kalev Liho,mobcarma@gmail.com,4,0,0,0,0,4,8,0,0,8
101,Veronika-Viktoria Karankevitch,vervikar@hotmail.com,3,1,0,0,0,4,4,0,0,4
2300,Arthur Perlin,arthurperlin11@gmail.com,4,0,0,0,0,4,5,0,0,5
108,Reimo Namm,reimo.namm@gmail.com,4,0,0,0,0,4,9,0,0,9
152,Taavi Täht,taavi656@gmail.com,4,0,0,0,0,4,9,0,1,10
2363,Artur Leppik,arturleppik66@gmail.com,4,0,0,0,0,4,3,0,1,4
2603,Hedvig Kaing,hedvig.kaing@gmail.com,4,0,0,0,0,4,3,0,1,4
2451,Rivo Songisepp,rivo.songisepp@gmail.com,4,0,0,0,0,4,2,0,2,4
2124,Tormi Vahar,tormi.vahar@gmail.com,4,0,0,0,0,4,2,0,2,4
1939,Adam Taylor,adamgtaylor26@gmail.com,4,0,0,0,0,4,7,0,0,7
1882,Ulna Semiletov,ulna.semiletov@gmail.com,4,0,1,0,0,5,10,0,0,10
112,Paul Martin Korp,paul.m.korp@gmail.com,3,0,0,0,0,3,8,0,0,8
