Id,Full Name,Email,Accepted Reviews,In Progress Reviews,Failed Reviews,Unfinished Reviews,Not Checked-In Reviews,Total Reviews,Completed Feedbacks,In Progress Feedbacks,Expired Feedbacks,Total Feedbacks
1578,Aaron Loit,aaronloit@posteo.net,0,0,0,0,0,0,0,0,0,0
2970,Ademola Michael Adegbile,seanmicheals@ymail.com,0,0,0,0,0,0,0,0,0,0
4093,Ago-Laur Luik,ago.laur@gmail.com,0,0,0,0,0,0,0,0,0,0
4459,Alari Toomsalu,alari.toomsalu@gmail.com,0,0,0,0,0,0,0,0,0,0
4461,Albert Derevski,a.derevski@outlook.com,0,0,0,0,0,0,0,0,0,0
5323,Aleks Kuusing,alekskuusing@gmail.com,0,0,0,0,0,0,0,0,0,0
1653,Aleksander Vähk,vahkaleksander@gmail.com,0,0,0,0,0,0,0,0,0,0
4215,Alexander Martynov,alexander.v.martynov@gmail.com,0,0,0,0,0,0,0,0,0,0
3721,Amira Erte,amira.erte@gmail.com,0,0,0,0,0,0,0,0,0,0
2734,Amor Oad,kontakt@amoroad.ee,0,0,0,0,0,0,0,0,0,0
6593,Anders Mait Alberg,andersmaitalberg@gmail.com,0,0,0,0,0,0,0,0,0,0
1692,Andre Berezin,andreberezin@outlook.com,0,0,0,0,0,0,0,0,0,0
6250,Andre Ferretti,andref2015@gmail.com,0,0,0,0,0,0,0,0,0,0
1595,Andreas Holst,andreas.holst@peaasi.ee,0,0,0,0,0,0,0,0,0,0
4233,Andrei Injagin,inandrei@gmail.com,0,0,0,0,0,0,0,0,0,0
6380,Andres Sumin,sumin.andres@gmail.com,0,0,0,0,0,0,0,0,0,0
4710,Andrey Cheremisinov,cheremisinov.andrey@gmail.com,0,0,0,0,0,0,0,0,0,0
5566,Andri Kuusk,andrikuusk@gmail.com,0,0,0,0,0,0,0,0,0,0
4276,Andrii Shchetinin,andreyro2017@gmail.com,0,0,0,0,0,0,0,0,0,0
2063,Andrijana Cekovska,andrijana.cekovska@outlook.com,0,0,0,0,0,0,0,0,0,0
1821,Anna Leinsalu,anna.leinsalu@gmail.com,0,0,0,0,0,0,0,0,0,0
3793,Anna Marhel,marhel.anna@gmail.com,0,0,0,0,0,0,0,0,0,0
1872,Anna Ozols,ozols.anna@outlook.com,0,0,0,0,0,0,0,0,0,0
2730,Anna-Maria Alton,marialton@mail.ee,0,0,0,0,0,0,0,0,0,0
2556,Artjom Komlov,dr.komlov@gmail.com,0,0,0,0,0,0,0,0,0,0
3319,Artjom Nazarov,artjomnazarov1@gmail.com,0,0,0,0,0,0,0,0,0,0
5537,Artjom Ossipov,ossipovartjom@gmail.com,0,0,0,0,0,0,0,0,0,0
5322,Artur Aarma,artur.aarma@gmail.com,0,0,0,0,0,0,0,0,0,0
4304,Artur Stoljar,artur.stoljar@outlook.com,0,0,0,0,0,0,0,0,0,0
2079,Asmo Salo,asmosalo@gmail.com,0,0,0,0,0,0,0,0,0,0
3360,Astrid Maasen-Pärnala,astrid.maasen@gmail.com,0,0,0,0,0,0,0,0,0,0
4155,Axel Vaher,hardyrose71@tutanota.com,0,0,0,0,0,0,0,0,0,0
3332,Bernard Puström,bernard.pustrom@gmail.com,0,0,0,0,0,0,0,0,0,0
5248,Boris Kodak,kodak.boris95@gmail.com,0,0,0,0,0,0,0,0,0,0
1648,Carl-Maiko Meiner,carl-maiko@hotmail.com,0,0,0,0,0,0,0,0,0,0
5670,Charles Obioha Osuafor,tumbaoka@gmail.com,0,0,0,0,0,0,0,0,0,0
5220,Christer Karing,christerkaring@gmail.com,0,0,0,0,0,0,0,0,0,0
4104,Daniil Berliner,finkedendy@gmail.com,0,0,0,0,0,0,0,0,0,0
478,David Dos Santos Costa,dscx2@hotmail.com,0,0,0,0,0,0,0,0,0,0
5725,Denis Lomakin,dkartik30@gmail.com,0,0,0,0,0,0,0,0,0,0
4195,Deniss Abdullajev,zereff06@gmail.com,0,0,0,0,0,0,0,0,0,0
3982,Dmitri Stsimborski,mr.curdy@gmail.com,0,0,0,0,0,0,0,0,0,0
5124,Dmitrii Kreivald,dmitrii.kreivald@gmail.com,0,0,0,0,0,0,0,0,0,0
3542,Dmytro Mykhailenko,daemonkt@gmail.com,0,0,0,0,0,0,0,0,0,0
2648,Egert-Yako Poom,egertyako.poom@gmail.com,0,0,0,0,0,0,0,0,0,0
3876,Eke Jakob Uibo,eke.j.uibo@gmail.com,0,0,0,0,0,0,0,0,0,0
2572,Eric Rand,eric.rand66@gmail.com,0,0,0,0,0,0,0,0,0,0
4357,Erich Schneider,erichschneider2003@gmail.com,0,0,0,0,0,0,0,0,0,0
5524,Erik Allas,allaserik@gmail.com,0,0,0,0,0,0,0,0,0,0
1690,Erik Tobias Loo,looerik04@gmail.com,0,0,0,0,0,0,0,0,0,0
4577,Fred Kaur,kaurfred@gmail.com,0,0,0,0,0,0,0,0,0,0
1586,Garath Bester,garath.b@gmail.com,0,0,0,0,0,0,0,0,0,0
3995,Georg Alexius Mere,georg.mere@gmail.com,0,0,0,0,0,0,0,0,0,0
5314,Georg Olesk,gergolesk@yahoo.com,0,0,0,0,0,0,0,0,0,0
6576,Georg-Joosep Allikas,gjallikas@gmail.com,0,0,0,0,0,0,0,0,0,0
6093,Hanna Paaver,paaver.hanna@gmail.com,0,0,0,0,0,0,0,0,0,0
1174,Hannes Verlis,hannes.verlis@mail.ee,0,0,0,0,0,0,0,0,0,0
5668,Henri Morel,henri.koobas@gmail.com,0,0,0,0,0,0,0,0,0,0
1590,Hugues De Pingon,hugues.ii.w.b.depingon@gmail.com,0,0,0,0,0,0,0,0,0,0
4125,Ilja Aituganov,aituganov.ilja@gmail.com,0,0,0,0,0,0,0,0,0,0
83,Ilja Kalinkin,ilya.kalinkin@gmail.com,0,0,0,0,0,0,0,0,0,0
4437,Indrek Jurves,indrek.kodutu@gmail.com,0,0,0,0,0,0,0,0,0,0
3676,Ingvar Ignasov,ingvarignasov@hotmail.com,0,0,0,0,0,0,0,0,0,0
3874,Ivan Mitcukov,i.mitcukov@gmail.com,0,0,0,0,0,0,0,0,0,0
3401,Jaan Bulotsov,jaan.jig@gmail.com,0,0,0,0,0,0,0,0,0,0
102,Jaanus Lille,jaanuslille@gmail.com,0,0,0,0,0,0,0,0,0,0
1627,Jan Kuusemets,jankuusemets@gmail.com,0,0,0,0,0,0,0,0,0,0
3590,Jan Mihkel Leetsaar,janmihkell2@gmail.com,0,0,0,0,0,0,0,0,0,0
2893,Joakim Ungerson,joakim.ungerson1@gmail.com,0,0,0,0,0,0,0,0,0,0
952,Joonatan Laiapea,joonas128@gmail.com,0,0,0,0,0,0,0,0,0,0
165,Joosep Elias Tani,joosep.elias@gmail.com,0,0,0,0,0,0,0,0,0,0
1645,Juri Boikov,juri.boikovv@gmail.com,0,0,0,0,0,0,0,0,0,0
6489,Juri Rahhimov,jemze223@gmail.com,0,0,0,0,0,0,0,0,0,0
3839,Jürgen Andessalu,jyrgen.andessalu@gmail.com,0,0,0,0,0,0,0,0,0,0
1727,Kadri Muuga,kadri.muuga@gmail.com,0,0,0,0,0,0,0,0,0,0
4848,Kaia Jogiste,kaia.jogiste@mail.ee,0,0,0,0,0,0,0,0,0,0
6054,Kaido Kurm,kaidokurm@gmail.com,0,0,0,0,0,0,0,0,0,0
6660,Kamran Omarov,omarovkamran96@gmail.com,0,0,0,0,0,0,0,0,0,0
5701,Karl Martin Koiv,karlmartinkoiv@gmail.com,0,0,0,0,0,0,0,0,0,0
4439,Karl Mihkel Feldschmidt,mihkel.f@gmail.com,0,0,0,0,0,0,0,0,0,0
4959,Karl Romet Somelar,karlromets@gmail.com,0,0,0,0,0,0,0,0,0,0
1477,Karlis Paulus,pauluskarlis@gmail.com,0,0,0,0,0,0,0,0,0,0
6013,Kati Kraavi,katikraavi@gmail.com,0,0,0,0,0,0,0,0,0,0
5868,Kristiina Veerde Toompalu,kristiina.veerde@gmail.com,0,0,0,0,0,0,0,0,0,0
4472,Kristina T?uprova,kristinatsuprova10@gmail.com,0,0,0,0,0,0,0,0,0,0
4574,Kõu Kaur,k6ukaur@gmail.com,0,0,0,0,0,0,0,0,0,0
2658,Madis Metsalu,madismetsalu@gmail.com,0,0,0,0,0,0,0,0,0,0
3949,Maksim Tsopov,tsopov.maksim@gmail.com,0,0,0,0,0,0,0,0,0,0
5012,Marek Sarkisjan,volk9693@gmail.com,0,0,0,0,0,0,0,0,0,0
5788,Mari-Liis London,london.mariliis@gmail.com,0,0,0,0,0,0,0,0,0,0
4393,Maria-Helena Okas,maria.helena.okas@gmail.com,0,0,0,0,0,0,0,0,0,0
5181,Marius Soon,mariussoon2@gmail.com,0,0,0,0,0,0,0,0,0,0
3782,Mark Dirmeitis,fasttulen7777@gmail.com,0,0,0,0,0,0,0,0,0,0
6128,Mark Ra Vilbiks,mark.ra.vilbiks@gmail.com,0,0,0,0,0,0,0,0,0,0
2408,Markku Lohmus,markku.lohmus@gmail.com,0,0,0,0,0,0,0,0,0,0
3487,Marko Maegi,markomagiiii@gmail.com,0,0,0,0,0,0,0,0,0,0
4538,Markus Bachmann,mbachmann54@gmail.com,0,0,0,0,0,0,0,0,0,0
2977,Markus Peeter Varik,markuspeetervarik@gmail.com,0,0,0,0,0,0,0,0,0,0
6446,Marten Murik,marten.murik@gmail.com,0,0,0,0,0,0,0,0,0,0
2275,Marten Tsimolonskas,marten.tsimolonskas@gmail.com,0,0,0,0,0,0,0,0,0,0
2857,Marten-Mark Säde,martenmarksade@gmail.com,0,0,0,0,0,0,0,0,0,0
4471,Martin Mustonen,mmartinki@gmail.com,0,0,0,0,0,0,0,0,0,0
3454,Martti Rebane,marttirebane1@gmail.com,0,0,0,0,0,0,0,0,0,0
2588,Matthias Piiri,matthiaspiiri@gmail.com,0,0,0,0,0,0,0,0,0,0
5430,Mattias Simson,sattiasmimson@gmail.com,0,0,0,0,0,0,0,0,0,0
1805,Meelis Naaber,meelisnaaber@gmail.com,0,0,0,0,0,0,0,0,0,0
3846,Merly Teder,merlyn.teder@gmail.com,0,0,0,0,0,0,0,0,0,0
4892,Mikk Vaarmari,vaarmarimikk@gmail.com,0,0,0,0,0,0,0,0,0,0
2284,Mimi Veesaar,mimi.ladva@gmail.com,0,0,0,0,0,0,0,0,0,0
3334,Mohamed Anas Mahmoud Sakr,mohamed.anas.970@gmail.com,0,0,0,0,0,0,0,0,0,0
1584,Mohammad Obaidur Rahman,obaidurapu12@gmail.com,0,0,0,0,0,0,0,0,0,0
3837,Muhammad Nabeel Rahim,nabeel.rahim@outlook.com,0,0,0,0,0,0,0,0,0,0
4942,Nirab Pudasaini,developer.nirab@gmail.com,0,0,0,0,0,0,0,0,0,0
6412,Nodar Iremashvili,nodo.iremashvili@gmail.com,0,0,0,0,0,0,0,0,0,0
4415,Oleg Trofimov,olegtrofimov96@gmail.com,0,0,0,0,0,0,0,0,0,0
3887,Oleksii Garnadko,ssokradd@gmail.com,0,0,0,0,0,0,0,0,0,0
2595,Onur Vassiljev,onurvassiljev@gmail.com,0,0,0,0,0,0,0,0,0,0
3946,Orvet Priimägi,orvet.priimagi@gmail.com,0,0,0,0,0,0,0,0,0,0
2434,Oskar Kusmin,oskar.kusmin@gmail.com,0,0,0,0,0,0,0,0,0,0
296,Oskar Matvere,oskar.matvere@gmail.com,0,0,0,0,0,0,0,0,0,0
4454,Ott Langel,ottlangel2003@gmail.com,0,0,0,0,0,0,0,0,0,0
1204,Patrick Paidla,patricpaidla@gmail.com,0,0,0,0,0,0,0,0,0,0
5159,Pavlo Biiuts,pavlo.biiuts@gmail.com,0,0,0,0,0,0,0,0,0,0
5570,Priidu Leinus,priiduleinus@gmail.com,0,0,0,0,0,0,0,0,0,0
3903,Raimond Väikene,vaikeneraimond2@gmail.com,0,0,0,0,0,0,0,0,0,0
6382,Ralf Pullerits,ralf.pullerits@gmail.com,0,0,0,0,0,0,0,0,0,0
1684,Rando Viimne,rando0011@hotmail.com,0,0,0,0,0,0,0,0,0,0
6868,Rannel Lillinurm,rannellrannell@gmail.com,0,0,0,0,0,0,0,0,0,0
3800,Ranno Poklonski,rpoklonski@gmail.com,0,0,0,0,0,0,0,0,0,0
4389,Rasmus Joenurm,rjoenurm@gmail.com,0,0,0,0,0,0,0,0,0,0
5051,Rasmus Metsa,rasmusmetsa@gmail.com,0,0,0,0,0,0,0,0,0,0
2719,Rasmus Sild,rasmus.sild@gmail.com,0,0,0,0,0,0,0,0,0,0
6027,Reio Pihlak,reiopihlak@outlook.com,0,0,0,0,0,0,0,0,0,0
174,Risto Hänilane,ristohanilane@gmail.com,0,0,0,0,0,0,0,0,0,0
1579,Risto Pulk,ristop80@gmail.com,0,0,0,0,0,0,0,0,0,0
433,Risto Siimpere,risto.siimpere@mail.ee,0,0,0,0,0,0,0,0,0,0
4057,Rivo Tüksammel,rivo.tuksammel@gmail.com,0,0,0,0,0,0,0,0,0,0
4138,Robert Kasela,robert.kasela@gmail.com,0,0,0,0,0,0,0,0,0,0
303,Robert Martin,robertmartin222@gmail.com,0,0,0,0,0,0,0,0,0,0
4201,Robert Zadoro?noi,robert.zadorozhny@gmail.com,0,0,0,0,0,0,0,0,0,0
1148,Robin Paell,robinpall91@gmail.com,0,0,0,0,0,0,0,0,0,0
4425,Roland Tallerma,rolandtallerma@live.com,0,0,0,0,0,0,0,0,0,0
4420,Roman Gadjak,romangadjak@gmail.com,0,0,0,0,0,0,0,0,0,0
4434,Saamuel Sasi,saamuel.sasi.kool@gmail.com,0,0,0,0,0,0,0,0,0,0
1769,Saba Gul,s.gul.9996@gmail.com,0,0,0,0,0,0,0,0,0,0
439,Samuel Howard,samuel.howard34@gmail.com,0,0,0,0,0,0,0,0,0,0
4564,Sander Kovatu,sanderkovatu1@gmail.com,0,0,0,0,0,0,0,0,0,0
1583,Semen Reshenin,semen.reshenin@gmail.com,0,0,0,0,0,0,0,0,0,0
1506,Semjon Murasov,semmurou@gmail.com,0,0,0,0,0,0,0,0,0,0
6107,Siim Siren,siim.siren@gmail.com,0,0,0,0,0,0,0,0,0,0
4331,Silver Juss,silverjuss1@gmail.com,0,0,0,0,0,0,0,0,0,0
441,Silver Velleste,tyypmokk@gmail.com,0,0,0,0,0,0,0,0,0,0
3396,Sofia Simone Lammas,sofialammas@gmail.com,0,0,0,0,0,0,0,0,0,0
2241,Sofija Jelizarova,sofiaelizarova1807@gmail.com,0,0,0,0,0,0,0,0,0,0
1833,Sten-Erik Matt,stenerikmatt@gmail.com,0,0,0,0,0,0,0,0,0,0
4185,Sulev Lange,sulevlange@gmail.com,0,0,0,0,0,0,0,0,0,0
1626,Sulev Sillaste,sulev.s@hotmail.com,0,0,0,0,0,0,0,0,0,0
3722,Sven Salajev,sven.sala@gmail.com,0,0,0,0,0,0,0,0,0,0
3865,Tarmo Leib,tarmo532@gmail.com,0,0,0,0,0,0,0,0,0,0
4052,Tatyana Rubin,tanyana28@gmail.com,0,0,0,0,0,0,0,0,0,0
4144,Tauri Marran,tauri.marran@gmail.com,0,0,0,0,0,0,0,0,0,0
4835,Tauri Pupart,tauripup@gmail.com,0,0,0,0,0,0,0,0,0,0
443,Teno Lehtpuu,teno.lehtpuu@gmail.com,0,0,0,0,0,0,0,0,0,0
2691,Thamer Abdelmalek Bouzenada,meuleuse.monodie-0f@icloud.com,0,0,0,0,0,0,0,0,0,0
4016,Thorny Valk,thornyvalk@gmail.com,0,0,0,0,0,0,0,0,0,0
4987,Timofey Babisashvili,porrulauk3@gmail.com,0,0,0,0,0,0,0,0,0,0
5735,Tomi Pärn,tomiparn@gmail.com,0,0,0,0,0,0,0,0,0,0
1982,Tristan Mots,tristanmt14@gmail.com,0,0,0,0,0,0,0,0,0,0
231,Tristjan Lutter,luter.tristjan@gmail.com,0,0,0,0,0,0,0,0,0,0
1338,Tõnis Laumets,tonislau@gmail.com,0,0,0,0,0,0,0,0,0,0
1977,Uku Kadak,ukukadak@gmail.com,0,0,0,0,0,0,0,0,0,0
5415,Varmo Pärnpuu,varmopuu@gmail.com,0,0,0,0,0,0,0,0,0,0
1404,Viktoria Tsetskaja,viktoria.tsetskaja@gmail.com,0,0,0,0,0,0,0,0,0,0
4165,Vladimir Futkin,hexie697@gmail.com,0,0,0,0,0,0,0,0,0,0
1573,Vladislav Berezovski,vladislav1998@gmail.com,0,0,0,0,0,0,0,0,0,0
4267,Vladyslav Bolhov,vladbolgov121@gmail.com,0,0,0,0,0,0,0,0,0,0
5931,Vsevolod Bursa,bursaseva1@gmail.com,0,0,0,0,0,0,0,0,0,0
4085,Yurii Pankevych,avenhon@gmail.com,0,0,0,0,0,0,0,0,0,0
1983,Zeeshan Ali,zee.ali6661@gmail.com,0,0,0,0,0,0,0,0,0,0
3709,Zixi Liu,alexnelek@hotmail.com,0,0,0,0,0,0,0,0,0,0
